game_license,count
,49492
mit license,528
unlicense,69
gnu general public license v3.0 (gpl),193
mozilla public license 2.0 (mpl),13
apache license 2.0,42
artistic license 2.0,16
gnu general public license v2.0 (gpl),15
gnu lesser general public license v2.1 (lgpl),3
gnu lesser general public license v3.0 (lgpl),14
zlib license,5
bsd 2-clause 'simplified' license,10
bsd 3-clause 'new' or 'revised' license,10
eclipse public license v1.0 (epl),2
